{"level":"\u001b[32minfo\u001b[39m","message":"POST /api/author/login 200 38ms","meta":{"req":{"headers":{"accept":"*/*","accept-encoding":"gzip, deflate, br","cache-control":"no-cache","connection":"keep-alive","content-length":"69","content-type":"application/json","cookie":"refreshToken=eyJhbGciOiJIUzI1NiIsInR5cCI6IkpXVCJ9.eyJfaWQiOiI2NmNjMDI5NjM0ZWQxOGU0ZjI5YmE4NTAiLCJlbWFpbCI6ImphY2ttYW4zOTk5QGdtYWlsLmNvbSIsImlzX2V4cGVydCI6dHJ1ZSwiYXV0aG9yX3JvbGVzIjpbIlJFQUQiLCJXUklURSJdLCJpYXQiOjE3MjQ5MDQ4OTQsImV4cCI6MTcyNjIwMDg5NH0.gsbf5QvqQrRsbKh6jvuKBHB8ba54qVEjyJhVzJhZBdM","host":"localhost:3000","postman-token":"a9a67130-6d50-4832-a914-4bf17ddd14b1","user-agent":"PostmanRuntime/7.41.2"},"httpVersion":"1.1","method":"POST","originalUrl":"/api/author/login","query":{},"url":"/api/author/login"},"res":{"statusCode":200},"responseTime":38}}